{"cameraMode":{"drawMode":0,"name":"Shaded","section":"Shading Mode"},"sceneLighting":false,"audioPlay":false,"sceneViewState":{"showFog":true,"showMaterialUpdate":false,"showSkybox":false,"showFlares":true,"showImageEffects":true,"showParticleSystems":true},"in2DMode":false,"pivot":{"x":-71.0,"y":68.80000305175781,"z":0.7025566101074219},"rotation":{"x":0.04025110974907875,"y":0.9548049569129944,"z":-0.25195473432540896,"w":0.15251490473747254},"size":39.33877182006836,"orthographic":false}