{"cameraMode":{"drawMode":0,"name":"Shaded","section":"Shading Mode"},"sceneLighting":false,"audioPlay":false,"sceneViewState":{"showFog":true,"showMaterialUpdate":false,"showSkybox":false,"showFlares":true,"showImageEffects":true,"showParticleSystems":true},"in2DMode":false,"pivot":{"x":-0.030530929565429689,"y":2.483661651611328,"z":0.0861349105834961},"rotation":{"x":0.27102333307266238,"y":0.3411540985107422,"z":-0.10341054946184159,"w":0.8941388130187988},"size":47.128116607666019,"orthographic":false}