{"cameraMode":{"drawMode":0,"name":"Shaded","section":"Shading Mode"},"sceneLighting":false,"audioPlay":false,"sceneViewState":{"showFog":true,"showMaterialUpdate":false,"showSkybox":false,"showFlares":true,"showImageEffects":true,"showParticleSystems":true},"in2DMode":false,"pivot":{"x":-0.0003668665885925293,"y":0.08360474556684494,"z":-0.000002428889274597168},"rotation":{"x":0.1337714046239853,"y":0.8526508212089539,"z":-0.2654475271701813,"w":0.429691344499588},"size":0.954613983631134,"orthographic":false}