{"cameraMode":{"drawMode":0,"name":"Shaded","section":"Shading Mode"},"sceneLighting":false,"audioPlay":false,"sceneViewState":{"showFog":true,"showMaterialUpdate":false,"showSkybox":false,"showFlares":true,"showImageEffects":true,"showParticleSystems":true},"in2DMode":false,"pivot":{"x":-0.03753073140978813,"y":0.16394013166427613,"z":0.027032475918531419},"rotation":{"x":0.13841010630130769,"y":-0.22171151638031007,"z":0.0318094901740551,"w":0.9647154808044434},"size":0.7428943514823914,"orthographic":false}