{"cameraMode":{"drawMode":0,"name":"Shaded","section":"Shading Mode"},"sceneLighting":false,"audioPlay":false,"sceneViewState":{"showFog":true,"showMaterialUpdate":false,"showSkybox":true,"showFlares":true,"showImageEffects":true,"showParticleSystems":true},"in2DMode":false,"pivot":{"x":-4.4119648933410648,"y":0.8289375305175781,"z":2.771261215209961},"rotation":{"x":0.03871201351284981,"y":0.9612194895744324,"z":-0.18716616928577424,"w":0.19884160161018372},"size":10.429839134216309,"orthographic":false}