{"cameraMode":{"drawMode":0,"name":"Shaded","section":"Shading Mode"},"sceneLighting":false,"audioPlay":false,"sceneViewState":{"showFog":true,"showMaterialUpdate":false,"showSkybox":false,"showFlares":true,"showImageEffects":true,"showParticleSystems":true},"in2DMode":false,"pivot":{"x":0.0041644275188446049,"y":0.029648512601852418,"z":-0.001552969217300415},"rotation":{"x":-0.24333283305168153,"y":-0.5379896759986877,"z":0.165696918964386,"w":-0.7899094820022583},"size":0.47128114104270937,"orthographic":false}