{"cameraMode":{"drawMode":0,"name":"Shaded","section":"Shading Mode"},"sceneLighting":true,"audioPlay":false,"sceneViewState":{"showFog":true,"showMaterialUpdate":false,"showSkybox":false,"showFlares":true,"showImageEffects":true,"showParticleSystems":true},"in2DMode":false,"pivot":{"x":539.0860595703125,"y":958.3753051757813,"z":0.0000010513688266655664},"rotation":{"x":0.11503564566373825,"y":0.0937233492732048,"z":-0.010902149602770806,"w":0.988872230052948},"size":1101.4537353515625,"orthographic":false}