{"cameraMode":{"drawMode":0,"name":"Shaded","section":"Shading Mode"},"sceneLighting":false,"audioPlay":false,"sceneViewState":{"showFog":true,"showMaterialUpdate":false,"showSkybox":false,"showFlares":true,"showImageEffects":true,"showParticleSystems":true},"in2DMode":false,"pivot":{"x":0.004547096788883209,"y":0.03283224254846573,"z":0.0003152415156364441},"rotation":{"x":-0.24333283305168153,"y":-0.5379896759986877,"z":0.165696918964386,"w":-0.7899094820022583},"size":0.4716208279132843,"orthographic":false}